{"_wandb":{"runtime":70},"_step":89,"epoch":10,"batch":900,"loss":0.278930980861187,"_timestamp":1.747343808972383e+09,"_runtime":69.7679572}